615000,Cassius Love,"انجليزي , محاسبة, مقدمة حاسب , برمجيات "
615094,Aubree Hanson,"انجليزي , محاسبة, مقدمة حاسب , برمجيات "
615095,Julia Ball,"انجليزي , محاسبة, مقدمة حاسب , برمجيات "
615096,Sherlyn Boyer,"انجليزي , محاسبة, مقدمة حاسب , برمجيات "
615097,Lilliana Collins,"انجليزي , محاسبة, مقدمة حاسب , برمجيات "
615098,Ciara Koch,"انجليزي , محاسبة, مقدمة حاسب , برمجيات "
615099,Zane Padilla,"انجليزي , محاسبة, مقدمة حاسب , برمجيات "
615100,Gabrielle Marquez,"انجليزي , محاسبة, مقدمة حاسب , برمجيات "
615101,Darnell Williamson,"انجليزي , محاسبة, مقدمة حاسب , برمجيات "
615102,Cindy Vazquez,"انجليزي , محاسبة, مقدمة حاسب , برمجيات "
615103,Adelaide Guzman,"انجليزي , محاسبة, مقدمة حاسب , برمجيات "
615104,Jacob Nguyen,"انجليزي , محاسبة, مقدمة حاسب , برمجيات "
615105,Makenzie Hudson,"انجليزي , محاسبة, مقدمة حاسب , برمجيات "
615106,Makhi Little,"انجليزي , محاسبة, مقدمة حاسب , برمجيات "
615107,Maeve Briggs,"انجليزي , محاسبة, مقدمة حاسب , برمجيات "
615108,Maximus Whitney,"انجليزي , محاسبة, مقدمة حاسب , برمجيات "
615109,Haylie Hinton,"انجليزي , محاسبة, مقدمة حاسب , برمجيات "
615110,Alfredo Reed,"انجليزي , محاسبة, مقدمة حاسب , برمجيات "
615111,Lia Gallegos,"انجليزي , محاسبة, مقدمة حاسب , برمجيات "
615112,Melanie Norton,"انجليزي , محاسبة, مقدمة حاسب , برمجيات "
615113,Ronin Horn,"انجليزي , محاسبة, مقدمة حاسب , برمجيات "
615114,Ayaan Daniel,"انجليزي , محاسبة, مقدمة حاسب , برمجيات "
615115,Chaz Banks,"انجليزي , محاسبة, مقدمة حاسب , برمجيات "
615116,Zaniyah Mcintyre,"انجليزي , محاسبة, مقدمة حاسب , برمجيات "
615117,Selena Copeland,"انجليزي , محاسبة, مقدمة حاسب , برمجيات "
615118,Glenn Duke,"انجليزي , محاسبة, مقدمة حاسب , برمجيات "
615119,Rachel Christensen,"انجليزي , محاسبة, مقدمة حاسب , برمجيات "
615120,Marcus Boyer,"انجليزي , محاسبة, مقدمة حاسب , برمجيات "
615121,Jordon Gilbert,"انجليزي , محاسبة, مقدمة حاسب , برمجيات "
615122,Toby Frederick,"انجليزي , محاسبة, مقدمة حاسب , برمجيات "
615123,Alyson Rodgers,"انجليزي , محاسبة, مقدمة حاسب , برمجيات "
615124,Emanuel Blevins,"انجليزي , محاسبة, مقدمة حاسب , برمجيات "
615125,Julianna Barker,"انجليزي , محاسبة, مقدمة حاسب , برمجيات "
615126,Jayson Snyder,"انجليزي , محاسبة, مقدمة حاسب , برمجيات "
615127,Ella Simon,"انجليزي , محاسبة, مقدمة حاسب , برمجيات "
615128,Jayce Mercado,"انجليزي , محاسبة, مقدمة حاسب , برمجيات "
615129,Brianna Roy,"انجليزي , محاسبة, مقدمة حاسب , برمجيات "
615130,Van Bernard,"انجليزي , محاسبة, مقدمة حاسب , برمجيات "
615131,Billy Mullins,"انجليزي , محاسبة, مقدمة حاسب , برمجيات "
615132,Marcel Villarreal,"انجليزي , محاسبة, مقدمة حاسب , برمجيات "
615133,Paris Ross,"انجليزي , محاسبة, مقدمة حاسب , برمجيات "
615134,Addisyn Dominguez,"انجليزي , محاسبة, مقدمة حاسب , برمجيات "
615135,Trenton Patterson,"انجليزي , محاسبة, مقدمة حاسب , برمجيات "
615136,Cortez Daugherty,"انجليزي , محاسبة, مقدمة حاسب , برمجيات "
615137,Michaela Chang,"انجليزي , محاسبة, مقدمة حاسب , برمجيات "
615138,Nyasia Pratt,"انجليزي , محاسبة, مقدمة حاسب , برمجيات "
615139,April Casey,"انجليزي , محاسبة, مقدمة حاسب , برمجيات "
615140,Tommy Jennings,"انجليزي , محاسبة, مقدمة حاسب , برمجيات "
615141,Hudson Vazquez,"انجليزي , محاسبة, مقدمة حاسب , برمجيات "
615142,Raina Maddox,"انجليزي , محاسبة, مقدمة حاسب , برمجيات "
615143,Houston Cherry,"انجليزي , محاسبة, مقدمة حاسب , برمجيات "
615144,Tate Rios,"انجليزي , محاسبة, مقدمة حاسب , برمجيات "
615145,Kamora Delacruz,"انجليزي , محاسبة, مقدمة حاسب , برمجيات "
615146,Jonathon Bright,"انجليزي , محاسبة, مقدمة حاسب , برمجيات "
615147,Jaylynn Valdez,"انجليزي , محاسبة, مقدمة حاسب , برمجيات "
615148,Peyton Hensley,"انجليزي , محاسبة, مقدمة حاسب , برمجيات "
615149,Gustavo Salinas,"انجليزي , محاسبة, مقدمة حاسب , برمجيات "
615150,Averi Mcclure,"انجليزي , محاسبة, مقدمة حاسب , برمجيات "
615151,Frances Salazar,"انجليزي , محاسبة, مقدمة حاسب , برمجيات "
615152,Maci Conley,"انجليزي , محاسبة, مقدمة حاسب , برمجيات "
615153,Kathleen Bass,"انجليزي , محاسبة, مقدمة حاسب , برمجيات "
615154,Wendy Shah,"انجليزي , محاسبة, مقدمة حاسب , برمجيات "
615155,Jenny Werner,"انجليزي , محاسبة, مقدمة حاسب , برمجيات "
615156,Azaria Wiggins,"انجليزي , محاسبة, مقدمة حاسب , برمجيات "
615157,Gage Waters,"انجليزي , محاسبة, مقدمة حاسب , برمجيات "
615158,Nelson Snyder,"انجليزي , محاسبة, مقدمة حاسب , برمجيات "
615159,Jadon Beck,"انجليزي , محاسبة, مقدمة حاسب , برمجيات "
615160,Eve Walker,"انجليزي , محاسبة, مقدمة حاسب , برمجيات "
615161,Leo Gibson,"انجليزي , محاسبة, مقدمة حاسب , برمجيات "
615162,Conor Werner,"انجليزي , محاسبة, مقدمة حاسب , برمجيات "
615163,Justice Stuart,"انجليزي , محاسبة, مقدمة حاسب , برمجيات "
615164,Gemma Bartlett,"انجليزي , محاسبة, مقدمة حاسب , برمجيات "
615165,Krystal Mullen,"انجليزي , محاسبة, مقدمة حاسب , برمجيات "
615166,Landen Curry,"انجليزي , محاسبة, مقدمة حاسب , برمجيات "
615167,Andy French,"انجليزي , محاسبة, مقدمة حاسب , برمجيات "
615168,Zaniyah Pearson,"انجليزي , محاسبة, مقدمة حاسب , برمجيات "
615169,Zachariah Leonard,"انجليزي , محاسبة, مقدمة حاسب , برمجيات "
615170,Gunnar Gordon,"انجليزي , محاسبة, مقدمة حاسب , برمجيات "
615171,Aaron Wilson,"انجليزي , محاسبة, مقدمة حاسب , برمجيات "
615172,Jean Harrington,"انجليزي , محاسبة, مقدمة حاسب , برمجيات "
615173,Jaylynn Curtis,"انجليزي , محاسبة, مقدمة حاسب , برمجيات "
615174,Zion Irwin,"انجليزي , محاسبة, مقدمة حاسب , برمجيات "
615175,Kendall Shields,"انجليزي , محاسبة, مقدمة حاسب , برمجيات "
615176,Trevon Mcclain,"انجليزي , محاسبة, مقدمة حاسب , برمجيات "
615177,Tia Fox,"انجليزي , محاسبة, مقدمة حاسب , برمجيات "
615178,Sloane Ramirez,"انجليزي , محاسبة, مقدمة حاسب , برمجيات "
615179,Miriam Elliott,"انجليزي , محاسبة, مقدمة حاسب , برمجيات "
615180,Simone Durham,"انجليزي , محاسبة, مقدمة حاسب , برمجيات "
615181,Killian Clayton,"انجليزي , محاسبة, مقدمة حاسب , برمجيات "
615182,Enrique Gonzales,"انجليزي , محاسبة, مقدمة حاسب , برمجيات "
615183,Nathan Holden,"انجليزي , محاسبة, مقدمة حاسب , برمجيات "
615184,Nelson Acosta,"انجليزي , محاسبة, مقدمة حاسب , برمجيات "
615185,Dallas Dominguez,"انجليزي , محاسبة, مقدمة حاسب , برمجيات "
615186,Kallie Frank,"انجليزي , محاسبة, مقدمة حاسب , برمجيات "
615187,Gordon Ware,"انجليزي , محاسبة, مقدمة حاسب , برمجيات "
615188,Peyton Lara,"انجليزي , محاسبة, مقدمة حاسب , برمجيات "
615189,Leilani Spears,"انجليزي , محاسبة, مقدمة حاسب , برمجيات "
615190,Karina Woodard,"انجليزي , محاسبة, مقدمة حاسب , برمجيات "
615191,Jaydon Bautista,"انجليزي , محاسبة, مقدمة حاسب , برمجيات "
615192,Abdiel Dyer,"انجليزي , محاسبة, مقدمة حاسب , برمجيات "
615193,Jaidyn Nixon,Software Engineering-1
615194,Ana Baldwin,Database Systems-1
615195,Caiden Mason,Digital Signal Processing
615196,Alexis Ayers,Computer Networks-1
615197,Mathias Buckley,College Elective-1
615198,Benjamin Perez,Pattern Recognition
615199,Sonia Burgess,Computer Organization
615200,Marlee Gordon,Artificial Intelligence
615201,Emerson Johns,Computer Network-2
615202,Marques Kerr,College Elective-1
615203,Meadow Levine,Computer Vision
615204,Mathias Humphrey,Multimedia
615205,Leilani Shannon,Information Engineering
615206,Xavier Hendricks,Elective2
615207,Mackenzie Gamble,College Elective2
615208,Isabela Richards,Information Networks
615209,Anastasia Summers,Virtual Reality
615210,Jordyn Padilla,Degital Networks
615211,Drake Zamora,Elective3
615212,Meredith Frost,Project
615213,Ryland Maldonado,Elective 1
615214,Devin Hicks,Software Engineering-1
615215,Celia Burnett,Database Systems-1
615216,Zion Mathews,Digital Signal Processing
615217,Ruby Stone,Computer Networks-1
615218,Rafael Mcpherson,Elective 1
615219,Ronnie Hartman,College Elective-1
615220,Carlos Burns,Pattern Recognition
615221,Giancarlo Lutz,Computer Organization
615222,Brett Mcclure,Artificial Intelligence
615223,Caiden Barnes,Computer Network-2
615224,Griffin Atkinson,College Elective-1
615225,Colin Beard,Computer Vision
615226,Theodore Ellison,Multimedia
615227,Ulises Harris,Information Engineering
615228,Randall King,Elective2
615229,Carter Phillips,College Elective2
615230,Tomas Mata,Information Networks
615231,Jaden Prince,Virtual Reality
615232,Tyree Sanford,Degital Networks
615233,Killian Flores,Elective3
615234,Kassandra Ho,Project
615235,Dulce Macias,English Language-1
615236,Jaden Doyle,Mathematics-1
615237,Ronnie Mata,Discrete Mathematics
615238,Marie Woods,Computer Introduction
615239,Zayden Nolan,Logic design 1
615240,Manuel Mays,Mathematics-2
615241,Hector Harrell,Physics
615242,Dominic Leon,Statistics & Probabilities
615243,Scott Ellison,Logic Design-2
615244,Lexie Gilbert,Computer Software
615245,Chaim Beck,Computer Peripherals
615246,Casey Pittman,Data Structure
615247,Laylah Hess,Organization Fundamentals
615248,Graham Wheeler,Operating System-1
615249,Norah Singh,Statistical Methods
615250,Josue Spears,File Organization
615251,Gabriel Roth,Operations Research-1
615252,Lindsey Wolfe,System Analysis-1
615253,Shaun Fitzpatrick,Human Rights
615254,Hunter Wiley,Total Q Management
615255,Tripp Vargas,Fundamentals of programming
615256,Alejandra Johnson,English Language-1
615257,Ellis Frederick,Mathematics-1
615258,Paisley Huerta,Discrete Mathematics
615259,Silas Barrett,Computer Introduction
615260,David Poole,Total Q Management
615261,Jaydin Pena,Fundamentals of programming
615262,Easton Shaw,Physics
615263,Quintin Walls,Introduction to Electronics
615264,Raquel Thompson,Mathematics-2
615265,Whitney Haynes,Statistics & Probabilities
615266,Nikolas Gilbert,Human Rights
615267,Ronnie Salazar,Logic Design-2
615268,Rodrigo Pearson,Computer Software
615269,Erin Galvan,Computer Peripherals
615270,Diego Ball,Data Structure
615271,Amari Mcguire,Organization Fundamentals
615272,Giuliana Fox,Operating System-1
615273,Selena Wood,Statistical Methods
615274,Mekhi Stafford,File Organization
615275,Warren Roach,Operations Research-1
615276,Monserrat Benjamin,System Analysis-1
615277,Elizabeth Jarvis,Introduction to IS
615278,Rylee Peters,Computer Programming 1
615279,Madelynn Blackburn,Fundamentals OF Management
615280,Emilee Glover,ENGLISH1 SCIENTIFIC TECHNICAL AND REPOERTING WRITING
615281,Giada Torres,Human Rights
615282,Cindy Pugh,Fundamentals of Management
615283,Ellen Wu,Fund of economy
615284,Melany Boyle,Professional Ethics
615285,Kiana Cain,Communication Negotiation Skills
615286,Kayden Pruitt,Innovation and entrepreneurship
615287,Brycen House,Creative Thinking and Problem Solving
615288,Gage Webster,Mathematics1
615289,Nathan Sandoval,Discrete Mathematics
615290,Junior Garner,fundamental of programming
615291,Aaron Waller,computer introduction
615292,Taylor Friedman,Semiconductors
615293,Roberto Hurst,Introduction to Electronics
615294,Valery Barrera,Mathematics2
615295,Irene Morton,introduction to IS
615296,Rowan Marsh,Statistics Probabilities
615297,Muhammad Mora,computer programming1
615298,Cayden Meadows,computer organization
615299,Jadiel Myers,Multimedia1
615300,Peter Figueroa,Computer Programming2
615301,Sarai Roman,data structure
615302,Issac Mendez,Introduction to Operation Research Decision Support
615303,Devon Callahan,Introduction to Operation Research Decision Support
615304,Shirley Burke,system analysis design
615305,Calvin Ryan,operating system1
615306,Maverick Mcintyre,Software Engineering1
615307,Deshawn Valdez,web design and development
615308,Anna Sharp,database system1
615309,Quentin Eaton,Advanced Modeling and Simulation
615310,Kaitlyn Fuentes,computer network1
615311,Kade Gray,Analysis and Design of Algorithms
615312,Josh Melton,Operation Research Systems Applications
615313,Maryjane Garrison,mathematics3
615314,Cora Nelson,File Organization and Processing
615315,Jaylen Rocha,Statistics methods
615316,Meadow Lee,Scientific Programming
615317,Kareem Munoz,Web Services
615318,Ayana Page,Database Programming
615319,Lamont Jefferson,EBusiness
615320,Nathaly Ashley,Artificial Intelligence
615321,Vincent Rush,Software Engineering2
615322,Darien Leblanc,operating system2
615323,Daniella Cisneros,computer programming3
615324,Maria Lawson,Knowledge Based Systems
615325,Alexandra Jennings,machine learning
615326,Damian Marshall,Distributed Systems
615327,Dax Porter,compiler design
615328,Damian Kemp,Natural Language processing
615329,Ashanti Haas,parallel programming
615330,Alyvia Davidson,Computer Security
615331,Bridget Sandoval,Project
615332,Jade Bauer,Microprocessors andAssembly language
615333,Jessica Hale,advanced artifical intelligence
615334,Kai Hayes,formal language and automata theroy
615335,Alec Archer,internet computer
615336,Deborah Figueroa,advanced computer programming
615337,Regan Ewing,Human Computer Interaction
615338,Yusuf Huber,computer arabization
615339,Sage Blake,Mobile Application Programming
615340,Norah Gentry,game programming
615341,David Santos,embaded system
615342,Sydney Taylor,Robotics
615343,Rylie Bradford,Selected Topics in CS 1
615344,Lena Boyer,Selected Topics in CS 2
615345,Sadie Church,Selected Topics in CS 3
615346,London Crosby,modling and simulation
615347,Dylan Mcpherson,Computer Languages for Modeling and OR
615348,Nevaeh Skinner,Prob Solving Strategy
615349,Marquis Pearson,Advanced Project Management
615350,Shea Patrick,Quality
615351,Caitlin Koch,Computer Networks2
615352,Sharon Marks,Computer Graphics1
615353,Lamont Clements,Image Processing1
615354,Cecilia Ellison,Computer Networks3
615355,Liana Arellano,Digital Signal Processing
615356,Evangeline Mayer,Pattern Recognition1
615357,Gavyn Andersen,Computer Vision1
615358,Madyson Hart,Speech Recognition1
615359,Fletcher Franklin,Advanced Web Development
615360,Karley Simon,Virtual Reality1
615361,Campbell Dixon,Wireless and Mobile Networks
615362,Gilberto Norman,Project
615363,Briley Butler,Computer Graphics2
615364,Nathalie Ritter,Multimedia2
615365,Kendall Patrick,Network Operating Systems
615366,Mason Sharp,Animations
615367,Ava Richmond,Network Management and Analysis
615368,Sterling Cunningham,Network Programming
615369,Donald Hensley,Network Security
615370,Jadyn Griffin,Information Technology Applications
615371,Mayra Tanner,Selected Topics in IT 1
615372,Dixie Browning,Database Systems2
615373,Monica Hunter,Systems Analysis and Design 2
615374,Kira Dean,Business Intelligence
615375,Kali Davila,Information Retrieval
615376,Charlize Davis,Information Security
615377,Kamora Wade,Modern Database Systems
615378,Mekhi Levine,Data Mining
615379,Cohen Mayer,Distributed Databases
615380,Nia Fitzgerald,Cloud Computing
615381,Paxton Chapman,Enterprise Architecture
615382,Bianca Mercer,Geographic IS
615383,Anabella Nicholson,project
615384,Jagger Duncan,Logistics Management
615385,Amiyah Novak,Statistical Analysis for DS
615386,Bruce Taylor,Enterprise Resource planning
615387,Emily Medina,IS Strategy Management Acquisition
615388,Aleena Little,Web Information Systems
615389,Natalie Clements,Intelligent IS
615390,Lilianna Russell,Multimedia IS Digital Libraries
615391,Abbie Choi,Business Process Management
615392,Karli Sutton,IS Project Management
615393,Joey Friedman,Knowledge Based DSS
615394,Lauren Leonard,Knowledge Management
615395,Fernando Fox,Social Informatics
615396,Charlie Pollard,Bioinformatics
615397,Brayden Serrano,IS Innovation and New Technologies
615398,Jacoby Fuller,Network Optimization
615399,Samson Woodward,Selected Topics in IS 1
615400,Alondra Wheeler,Selected Topics in IS 2
615401,Draven Sosa,Selected Topics in IS 3
615402,Taylor Hall,Risk Management
615403,Amanda Duke,Stochastic Programming
615404,Jeremiah Garrett,Advanced Topics in Intelligent Computational
615405,Christian Maynard,Selected Topics in DS 1
615406,Layton Ford,Selected Topics in DS 2
615407,Reagan Strong,Selected Topics in DS 3
615408,Yusuf Fritz,Projects Management
615409,Nathan Haney,Linear and Integer Programming
615410,Harley Walter,Operation Research Systems Applications
615411,Mikayla Pratt,Dynamic Nonlinear Programming
615412,Elsa Anderson,Stochastic Models
615413,Giana Greer,Decision and Game Theory
615414,Mario Knight,Multiobjective Programming
615415,Moshe Huerta,Strategic Management and Crisis Management
615416,Adolfo Maynard,Inventory Control and Production Management
615417,Walter Sims,Geographic Information Systems for Decision Support
615418,Araceli Sparks,introduction to OR and decision support
615419,Xavier Montgomery,Selected Topics in IT 2
615420,Toby Garrison,Selected Topics in IT 3
615421,Soren Pineda,intellegence accountant for OD
615422,Alina Mcintyre,Data Management in DS
615423,Lillian Vang,Queuing Systems
615424,Myla Rivera,Principles of Management
615425,Mira Huffman,Project
615426,Tanner Burton,College Elective0
615427,Cheyenne Doyle,Pattern Recognition
615428,Orlando George,Computer Organization
615429,Alexis Lawrence,Artificial Intelligence
615430,Harmony Haynes,Computer Network-1
615431,Uriel Ingram,College Elective0
615432,Clarence Mcconnell,Computer Vision
615433,Kendal Novak,Multimedia
615434,Leslie Elliott,Information Engineering
615435,Grayson Alexander,Elective3
615436,Valentina Brady,College Elective3
615437,Kobe Zuniga,Information Networks
615438,Milo Baird,Virtual Reality
615439,Irvin Nolan,Degital Networks
615440,Marilyn Wise,Elective4
615441,Karli Morris,Project
615442,Colton White,Elective 2
615443,Alijah Cain,Software Engineering0
615444,Boston Hendricks,Database Systems0
615445,Marcus Gutierrez,Digital Signal Processing
615446,Anabelle Fischer,Computer Networks0
615447,Robert Brennan,Elective 2
615448,Kenneth Carney,College Elective0
615449,Kaila Mata,Pattern Recognition
615450,Phoenix Zamora,Computer Organization
615451,Sincere Mccarty,Artificial Intelligence
615452,Amirah Moore,Computer Network-1
615453,Eleanor Barr,College Elective0
615454,Elle Delgado,Computer Vision
615455,Layla Dudley,Multimedia
615456,Nathanael Oneal,Information Engineering
615457,Chase Reynolds,Elective3
615458,Kale Velasquez,College Elective3
615459,Joanna Massey,Information Networks
615460,Nancy Soto,Virtual Reality
615461,Dania Massey,Degital Networks
615462,Jordan Adkins,Elective4
615463,Corey Pollard,Project
615464,Daniela Wong,English Language0
615465,Van Koch,Mathematics0
615466,Izabella Tran,Discrete Mathematics
615467,Kaeden Franklin,Computer Introduction
615468,Sebastian Bailey,Logic design 2
615469,Aedan Wise,Mathematics-1
615470,Edward Braun,Physics
615471,Charity Underwood,Statistics & Probabilities
615472,Ian Odonnell,Logic Design-1
615473,Kian Cole,Computer Software
615474,Atticus Walls,Computer Peripherals
615475,Abbey Manning,Data Structure
615476,Precious Conley,Organization Fundamentals
615477,Luke Delgado,Operating System0
615478,Dante Parks,Statistical Methods
615479,Payton Liu,File Organization
615480,Ean Moreno,Operations Research0
615481,Jermaine Kaufman,System Analysis0
615482,Dalia Wheeler,Human Rights
615483,Alexis Peters,Total Q Management
615484,Jaslene Buck,Fundamentals of programming
615485,Kamari Combs,English Language0
615486,Aimee Arias,Mathematics0
615487,Eli Valentine,Discrete Mathematics
615488,Sonny Vargas,Computer Introduction
615489,Ramiro Short,Total Q Management
615490,Riley Allison,Fundamentals of programming
615491,Harper Walter,Physics
615492,Romeo Frey,Introduction to Electronics
615493,Cael Kline,Mathematics-1
615494,Kaylee Doyle,Statistics & Probabilities
615495,Aidan Riley,Human Rights
615496,Karli Newton,Logic Design-1
615497,Agustin Mejia,Computer Software
615498,Samir Reid,Computer Peripherals
615499,Turner Dougherty,Data Structure
615500,Katrina Cortez,Organization Fundamentals
615501,August Mccormick,Operating System0
615502,Jovani Blackwell,Statistical Methods
615503,Joe Mcmahon,File Organization
615504,Nicholas Bell,Operations Research0
615505,Madden Moore,System Analysis0
615506,Deborah Price,Introduction to IS
615507,Mylie Baird,Computer Programming 2
615508,Diana Richards,Fundamentals OF Management
615509,Andreas Rodriguez,ENGLISH1 SCIENTIFIC TECHNICAL AND REPOERTING WRITING
615510,Julia Carney,Human Rights
615511,Trace Arellano,Fundamentals of Management
615512,Jaida Carson,Fund of economy
615513,Kyson Mcgrath,Professional Ethics
615514,Solomon Hoover,Communication Negotiation Skills
615515,Eve Michael,Innovation and entrepreneurship
615516,Fatima Gallagher,Creative Thinking and Problem Solving
615517,Trace Lamb,Mathematics2
615518,Samuel Gregory,Discrete Mathematics
615519,Aydin Foster,fundamental of programming
615520,Houston Stout,computer introduction
615521,Richard Watson,Semiconductors
615522,Esther Burke,Introduction to Electronics
615523,Damari Kelley,Mathematics3
615524,Alejandra Flowers,introduction to IS
615525,Salma Wade,Statistics Probabilities
615526,Gustavo Dodson,computer programming2
615527,Desmond Warner,computer organization
615528,Craig Dawson,Multimedia2
615529,Lucy Hood,Computer Programming3
615530,Sierra David,data structure
615531,Wendy Guerra,Introduction to Operation Research Decision Support
615532,Alfonso Summers,Introduction to Operation Research Decision Support
615533,Carlee Conner,system analysis design
615534,Edwin Moon,operating system2
615535,Luciana Hoover,Software Engineering2
615536,Camron Gonzalez,web design and development
615537,Kellen Carey,database system2
615538,Josiah Archer,Advanced Modeling and Simulation
615539,Belen Ferrell,computer network2
615540,Augustus Frey,Analysis and Design of Algorithms
615541,Casey Beard,Operation Research Systems Applications
615542,Donavan Wolfe,mathematics4
615543,Lailah Archer,File Organization and Processing
615544,Marisa Hughes,Statistics methods
615545,Lyla Sandoval,Scientific Programming
615546,Regan Mullins,Web Services
615547,Kade David,Database Programming
615548,Chaz Hopkins,EBusiness
615549,Jaliyah Weber,Artificial Intelligence
615550,Yareli Morton,Software Engineering3
615551,Leyla Gilbert,operating system3
615552,Scarlet Joyce,computer programming4
615553,Marshall Kerr,Knowledge Based Systems
615554,Mathew Maddox,machine learning
615555,Parker Molina,Distributed Systems
615556,Dakota Keller,compiler design
615557,Princess Combs,Natural Language processing
615558,Clinton Fuller,parallel programming
615559,Jaydin Cain,Computer Security
615560,Davis Hawkins,Project
615561,Miya Winters,Microprocessors andAssembly language
615562,Abigayle Blanchard,advanced artifical intelligence
615563,Sherlyn Montgomery,formal language and automata theroy
615564,Tiana Berry,internet computer
615565,Cierra Reynolds,advanced computer programming
615566,Everett Robinson,Human Computer Interaction
615567,Piper Turner,computer arabization
615568,Brice Hardin,Mobile Application Programming
615569,Finley Cain,game programming
615570,Mina Lang,embaded system
615571,Reuben Munoz,Robotics
615572,Soren Mitchell,Selected Topics in CS 2
615573,Dante Jefferson,Selected Topics in CS 3
615574,Jordyn Salinas,Selected Topics in CS 4
615575,Elliot Pacheco,modling and simulation
615576,Johnathon Macdonald,Computer Languages for Modeling and OR
615577,Maryjane Ballard,Prob Solving Strategy
615578,Jean Strickland,Advanced Project Management
615579,Prince Berger,Quality
615580,Emery Barr,Computer Networks3
615581,Franco Beasley,Computer Graphics2
615582,Raquel Hensley,Image Processing2
615583,Brooke Whitaker,Computer Networks4
615584,Jadon Richmond,Digital Signal Processing
615585,Reynaldo Lynch,Pattern Recognition2
615586,Jason Pratt,Computer Vision2
615587,Reuben Cain,Speech Recognition2
615588,Gael Newman,Advanced Web Development
615589,Madelyn Cooley,Virtual Reality2
615590,Celia Barron,Wireless and Mobile Networks
615591,Isai Odonnell,Project
615592,Davis Murillo,Computer Graphics3
615593,Mireya Hicks,Multimedia3
615594,Arnav Rangel,Network Operating Systems
615595,Derek Olsen,Animations
615596,Fletcher Middleton,Network Management and Analysis
615597,Cassidy Moss,Network Programming
615598,Valentino Gates,Network Security
615599,Shea Gray,Information Technology Applications
615600,Brenton Moran,Selected Topics in IT 2
615601,Cassidy Casey,Database Systems3
615602,Parker Bryan,Systems Analysis and Design 3
615603,Summer Price,Business Intelligence
615604,Gianna Mayo,Information Retrieval
615605,Fiona Boone,Information Security
615606,Jayden Harmon,Modern Database Systems
615607,Melanie Parker,Data Mining
615608,Juliana Hill,Distributed Databases
615609,Corey Christensen,Cloud Computing
615610,Isaiah Lewis,Enterprise Architecture
615611,Terry Wilcox,Geographic IS
615612,Dominique White,project
615613,Stephanie Rowe,Logistics Management
615614,Evelin Woods,Statistical Analysis for DS
615615,Blaine Mcdaniel,Enterprise Resource planning
615616,Meadow Johnson,IS Strategy Management Acquisition
615617,Aliana Mcintosh,Web Information Systems
615618,Deja Fitzpatrick,Intelligent IS
615619,Kaylynn Richardson,Multimedia IS Digital Libraries
615620,Maria Grimes,Business Process Management
615621,Humberto Davis,IS Project Management
615622,Ben Huerta,Knowledge Based DSS
615623,Paisley Lowe,Knowledge Management
615624,Johnathon Maldonado,Social Informatics
615625,June Joseph,Bioinformatics
615626,Kaliyah Blake,IS Innovation and New Technologies
615627,Payton Dunlap,Network Optimization
615628,Laurel Mora,Selected Topics in IS 2
615629,Taniya Beasley,Selected Topics in IS 3
615630,Bethany Orozco,Selected Topics in IS 4
615631,Enrique Zavala,Risk Management
615632,Mitchell Keller,Stochastic Programming
615633,Jovany Powell,Advanced Topics in Intelligent Computational
615634,Wendy Lloyd,Selected Topics in DS 2
615635,Armani Mendez,Selected Topics in DS 3
615636,Sarai Dudley,Selected Topics in DS 4
615637,Davis Owen,Projects Management
615638,Saniya Hale,Linear and Integer Programming
615639,Sydnee Li,Operation Research Systems Applications
615640,Angelique Levy,Dynamic Nonlinear Programming
615641,Cordell Ellison,Stochastic Models
615642,Aidan Mayer,Decision and Game Theory
615643,Joshua Terry,Multiobjective Programming
615644,Branden Rose,Strategic Management and Crisis Management
615645,Melanie Jimenez,Inventory Control and Production Management
615646,Katelynn Hoover,Geographic Information Systems for Decision Support
615647,Damion Garza,introduction to OR and decision support
615648,Tori Wilcox,Selected Topics in IT 3
615649,Raquel Villa,Selected Topics in IT 4
615650,Will Hartman,intellegence accountant for OD
615651,Mitchell Davis,Data Management in DS
615652,Reid Burch,Queuing Systems
615653,Jazmyn Rollins,Principles of Management
615654,Hillary Hopkins,Project
615655,Warren Benitez,College Elective1
615656,Madisyn Franklin,Pattern Recognition
615657,Rolando Gaines,Computer Organization
615658,Gunnar Houston,Artificial Intelligence
615659,Diamond Espinoza,Computer Network0
615660,Jaslene Glass,College Elective1
615661,Colten Castaneda,Computer Vision
615662,Taylor Fleming,Multimedia
615663,Aaron Rivers,Information Engineering
615664,Skylar Black,Elective4
615665,Aracely Terry,College Elective4
615666,Kaelyn Mccullough,Information Networks
615667,Richard Stephenson,Virtual Reality
615668,Cecelia Chavez,Degital Networks
615669,Elyse Sampson,Elective5
615670,Ashtyn Carlson,Project
615671,Vincent Buck,Elective 3
615672,Xavier Hooper,Software Engineering1
615673,Maleah Keith,Database Systems1
615674,Taryn Joyce,Digital Signal Processing
615675,Kendall Burns,Computer Networks1
615676,Eliana Stanley,Elective 3
615677,Trace Koch,College Elective1
615678,Jasper Stout,Pattern Recognition
615679,Shyla Solis,Computer Organization
615680,Kolten Rivera,Artificial Intelligence
615681,Cara Morgan,Computer Network0
615682,Amelie Roman,College Elective1
615683,Skyler Hendricks,Computer Vision
615684,Jaden Jones,Multimedia
615685,Marshall Costa,Information Engineering
615686,Nylah Munoz,Elective4
615687,Israel Riley,College Elective4
615688,Mylie Erickson,Information Networks
615689,Kristen Krueger,Virtual Reality
615690,Justin Vazquez,Degital Networks
615691,Jadyn Bernard,Elective5
615692,Brennen Park,Project
615693,Eli Walters,English Language1
615694,Brent Avery,Mathematics1
615695,Caroline West,Discrete Mathematics
615696,Laylah Herman,Computer Introduction
615697,Lukas Burnett,Logic design 3
615698,Victor Short,Mathematics0
615699,Kieran Burton,Physics
615700,Cohen Baird,Statistics & Probabilities
615701,Hailey Ryan,Logic Design0
615702,Ralph Reese,Computer Software
615703,Jordan Duke,Computer Peripherals
615704,Gloria Villarreal,Data Structure
615705,Alexzander Carr,Organization Fundamentals
615706,Giovani Baldwin,Operating System1
615707,Sadie Lindsey,Statistical Methods
615708,Dana Hutchinson,File Organization
615709,Malakai Chen,Operations Research1
615710,Alexis Summers,System Analysis1
615711,Arthur Webster,Human Rights
615712,Cherish Mills,Total Q Management
615713,Joanna Waters,Fundamentals of programming
615714,Philip Ayala,English Language1
615715,Yurem Mcfarland,Mathematics1
615716,Kasen Choi,Discrete Mathematics
615717,Paul Trujillo,Computer Introduction
615718,Ronald Dixon,Total Q Management
615719,Braden Harris,Fundamentals of programming
615720,Rayna Watkins,Physics
615721,Sadie Frye,Introduction to Electronics
615722,Ty Mckinney,Mathematics0
615723,Isaias Cochran,Statistics & Probabilities
615724,Janelle Mosley,Human Rights
615725,Kenneth Adkins,Logic Design0
615726,Harmony Glass,Computer Software
615727,Marlene Prince,Computer Peripherals
615728,Franco Vasquez,Data Structure
615729,Matteo Alexander,Organization Fundamentals
615730,Marquis Sandoval,Operating System1
615731,Nikolai Smith,Statistical Methods
615732,Guadalupe Zavala,File Organization
615733,Kiana Gordon,Operations Research1
615734,Macey Hunter,System Analysis1
615735,Clare Becker,Introduction to IS
615736,Jadyn Porter,Computer Programming 3
615737,Graham Vargas,Fundamentals OF Management
615738,Darwin Hancock,ENGLISH1 SCIENTIFIC TECHNICAL AND REPOERTING WRITING
615739,Ezequiel Pugh,Human Rights
615740,Lyric Riggs,Fundamentals of Management
615741,Leonidas Ware,Fund of economy
615742,Cristal Juarez,Professional Ethics
615743,Matilda Brandt,Communication Negotiation Skills
615744,Solomon York,Innovation and entrepreneurship
615745,Serenity Pitts,Creative Thinking and Problem Solving
615746,Bradyn Dorsey,Mathematics3
615747,Beau Vasquez,Discrete Mathematics
615748,Camryn Kirby,fundamental of programming
615749,Juliana Reese,computer introduction
615750,Sandra Mcmillan,Semiconductors
615751,Litzy Ramos,Introduction to Electronics
615752,Zack Brady,Mathematics4
615753,Kaiden Lutz,introduction to IS
615754,Liberty Parrish,Statistics Probabilities
615755,Owen Benitez,computer programming3
615756,Titus Adams,computer organization
615757,Scarlett Hester,Multimedia3
615758,Jocelyn Griffin,Computer Programming4
615759,Tamia Ellis,data structure
615760,Sofia Guerra,Introduction to Operation Research Decision Support
615761,Ayden Jefferson,Introduction to Operation Research Decision Support
615762,Kayley Hart,system analysis design
615763,Jayden Valdez,operating system3
615764,Tyrell York,Software Engineering3
615765,Jayce Powell,web design and development
615766,Damaris Gamble,database system3
615767,Jovanny Griffin,Advanced Modeling and Simulation
615768,Bailee Rasmussen,computer network3
615769,Maribel Clements,Analysis and Design of Algorithms
615770,John Foley,Operation Research Systems Applications
615771,Raymond Rollins,mathematics5
615772,Stacy Oconnor,File Organization and Processing
615773,Edith Spencer,Statistics methods
615774,Kamryn Bush,Scientific Programming
615775,Amanda Walls,Web Services
615776,Kamari Baird,Database Programming
615777,Tyshawn Schultz,EBusiness
615778,Lawson Mueller,Artificial Intelligence
615779,Josue King,Software Engineering4
615780,Julianna Russo,operating system4
615781,Garrett Bright,computer programming5
615782,Lizbeth Clayton,Knowledge Based Systems
615783,Rylee Becker,machine learning
615784,Reilly King,Distributed Systems
615785,Kamora Oneal,compiler design
615786,Lauryn Fowler,Natural Language processing
615787,Makai Liu,parallel programming
615788,Madden Holder,Computer Security
615789,Breanna Gardner,Project
615790,Marley Cherry,Microprocessors andAssembly language
615791,Eve Buchanan,advanced artifical intelligence
615792,Nora Simmons,formal language and automata theroy
615793,Wesley Mcintosh,internet computer
615794,Luke Mcdaniel,advanced computer programming
615795,Trey Jenkins,Human Computer Interaction
615796,Joslyn Robinson,computer arabization
615797,Andy Moses,Mobile Application Programming
615798,Nicolas Benton,game programming
615799,Genevieve Lindsey,embaded system
615800,Kaylee Russo,Robotics
615801,Keyla Villanueva,Selected Topics in CS 3
615802,Roman Durham,Selected Topics in CS 4
615803,Megan Stout,Selected Topics in CS 5
615804,Gretchen Garcia,modling and simulation
615805,Dallas Mejia,Computer Languages for Modeling and OR
615806,Kaleb Horne,Prob Solving Strategy
615807,Ramon Wright,Advanced Project Management
615808,Amiah Fleming,Quality
615809,Aryanna Acosta,Computer Networks4
615810,America Mckinney,Computer Graphics3
615811,Izabelle Allison,Image Processing3
615812,Naomi Freeman,Computer Networks5
615813,Elyse Carson,Digital Signal Processing
615814,Jasmine Mcdonald,Pattern Recognition3
615815,Andrew Cannon,Computer Vision3
615816,Makenna Choi,Speech Recognition3
615817,Quincy Sparks,Advanced Web Development
615818,Dustin Arias,Virtual Reality3
615819,Abraham Crawford,Wireless and Mobile Networks
615820,Konner Cisneros,Project
615821,Amina Edwards,Computer Graphics4
615822,Aron Strong,Multimedia4
615823,Yosef Rasmussen,Network Operating Systems
615824,Ishaan Kline,Animations
615825,Monica Macdonald,Network Management and Analysis
615826,Makai Thomas,Network Programming
615827,Ayanna Giles,Network Security
615828,Tucker Sosa,Information Technology Applications
615829,Kingston Greer,Selected Topics in IT 3
615830,Donovan Hamilton,Database Systems4
615831,Darrell Hess,Systems Analysis and Design 4
615832,Elizabeth Fischer,Business Intelligence
615833,Rebecca Boyd,Information Retrieval
615834,Jaylah Christian,Information Security
615835,Titus Green,Modern Database Systems
615836,Maci Calderon,Data Mining
615837,Perla Camacho,Distributed Databases
615838,Eliana Browning,Cloud Computing
615839,Marquis Herring,Enterprise Architecture
615840,Reagan Merritt,Geographic IS
615841,Duncan Brady,project
615842,Roberto Barber,Logistics Management
615843,Parker Bright,Statistical Analysis for DS
615844,Luciana Brennan,Enterprise Resource planning
615845,Malachi Duarte,IS Strategy Management Acquisition
615846,Kole Gallagher,Web Information Systems
615847,Skyler Johns,Intelligent IS
615848,Stella Bailey,Multimedia IS Digital Libraries
615849,Luciana Clay,Business Process Management
615850,Gage Durham,IS Project Management
615851,Leon Hall,Knowledge Based DSS
615852,Kendrick Rosales,Knowledge Management
615853,Ezequiel Howe,Social Informatics
615854,Malik Ryan,Bioinformatics
615855,Leo Peters,IS Innovation and New Technologies
615856,Sarah Randolph,Network Optimization
615857,Elaine Burns,Selected Topics in IS 3
615858,Prince Powell,Selected Topics in IS 4
615859,Donovan Dunlap,Selected Topics in IS 5
615860,Alina Krause,Risk Management
615861,Vivian Tapia,Stochastic Programming
615862,Makhi Malone,Advanced Topics in Intelligent Computational
615863,Evelin Torres,Selected Topics in DS 3
615864,Reed Parker,Selected Topics in DS 4
615865,Chace Vang,Selected Topics in DS 5
615866,Luca Jacobs,Projects Management
615867,Henry Faulkner,Linear and Integer Programming
615868,Brett Mcdaniel,Operation Research Systems Applications
615869,Winston Farrell,Dynamic Nonlinear Programming
615870,Zachariah Lynn,Stochastic Models
615871,Broderick Cross,Decision and Game Theory
615872,Madden Walton,Multiobjective Programming
615873,Natalie Smith,Strategic Management and Crisis Management
615874,Kayden Grimes,Inventory Control and Production Management
615875,Noe Hamilton,Geographic Information Systems for Decision Support
615876,Ryleigh Palmer,introduction to OR and decision support
615877,Christopher Velazquez,Selected Topics in IT 4
615878,Dereon Chang,Selected Topics in IT 5
615879,Brylee Bowman,intellegence accountant for OD
615880,Reid Adkins,Data Management in DS
615881,Paisley Tyler,Queuing Systems
615882,Zoe Ayers,Principles of Management
615883,Keenan Decker,Project
615884,Brittany Rosales,College Elective2
615885,Milton Castaneda,Pattern Recognition
615886,Braelyn Buck,Computer Organization
615887,Stanley Mckee,Artificial Intelligence
615888,Fiona Mcmahon,Computer Network1
615889,Zaid Mcbride,College Elective2
615890,Joseph Beltran,Computer Vision
615891,Camryn Calhoun,Multimedia
615892,Jaydin Mata,Information Engineering
615893,August Villa,Elective5
615894,Krish Hendrix,College Elective5
615895,Samantha Allison,Information Networks
615896,Harry Wright,Virtual Reality
615897,Pamela Dalton,Degital Networks
615898,Wendy Rojas,Elective6
615899,Caitlin Lucas,Project
615900,Giovanni York,Elective 4
615901,Tamia Sharp,Software Engineering2
615902,John Henderson,Database Systems2
615903,Princess Coffey,Digital Signal Processing
615904,Daniella Bright,Computer Networks2
615905,Lia Browning,Elective 4
615906,Byron Bridges,College Elective2
615907,Theresa Liu,Pattern Recognition
615908,Emilee Reid,Computer Organization
615909,Ashlyn Dudley,Artificial Intelligence
615910,Maliyah Larsen,Computer Network1
615911,Abigayle Armstrong,College Elective2
615912,Warren Norris,Computer Vision
615913,Braiden Palmer,Multimedia
615914,Marc Wiley,Information Engineering
615915,Kamron Burns,Elective5
615916,Yosef Patterson,College Elective5
615917,Kyla Parks,Information Networks
615918,Emilee Russell,Virtual Reality
615919,Claudia Adkins,Degital Networks
615920,Gavyn Smith,Elective6
615921,Itzel Franklin,Project
615922,Crystal Castillo,English Language2
615923,Tatum Flynn,Mathematics2
615924,Taylor Greene,Discrete Mathematics
615925,Logan Boyle,Computer Introduction
615926,Luka Lyons,Logic design 4
615927,Thaddeus Walton,Mathematics1
615928,Allen Perez,Physics
615929,Miranda Kirby,Statistics & Probabilities
615930,Emmalee Walker,Logic Design1
615931,Charlotte Stone,Computer Software
615932,Jazlyn Hess,Computer Peripherals
615933,Renee Santos,Data Structure
615934,Esmeralda Butler,Organization Fundamentals
615935,Amiah Gardner,Operating System2
615936,Rylie Roberson,Statistical Methods
615937,Kaiya Huerta,File Organization
615938,Brennan Cooley,Operations Research2
615939,Leslie Mckinney,System Analysis2
615940,Issac Crawford,Human Rights
615941,Dulce Pratt,Total Q Management
615942,Clay Marquez,Fundamentals of programming
615943,Jeremy Meyers,English Language2
615944,Tia Meadows,Mathematics2
615945,Jax Mendoza,Discrete Mathematics
615946,Maximilian Osborne,Computer Introduction
615947,Rylie Golden,Total Q Management
615948,Martin Stein,Fundamentals of programming
615949,Sawyer Carter,Physics
615950,Paula Bolton,Introduction to Electronics
615951,Frida Hodge,Mathematics1
615952,David Cochran,Statistics & Probabilities
615953,Marisa Wiley,Human Rights
615954,Elliott Paul,Logic Design1
615955,Kate Reese,Computer Software
615956,Joseph Saunders,Computer Peripherals
615957,Titus Grant,Data Structure
615958,Elsa Booker,Organization Fundamentals
615959,Donavan Craig,Operating System2
615960,Krista Hunter,Statistical Methods
615961,Grayson Landry,File Organization
615962,Keyla Hamilton,Operations Research2
615963,Katherine Black,System Analysis2
615964,Johnathon Wiggins,Introduction to IS
615965,Madeline Mcknight,Computer Programming 4
615966,Junior Olson,Fundamentals OF Management
615967,Penelope Blake,ENGLISH1 SCIENTIFIC TECHNICAL AND REPOERTING WRITING
615968,Karlee Johnson,Human Rights
615969,Jaydin Gilmore,Fundamentals of Management
615970,August Lopez,Fund of economy
615971,Prince Mccann,Professional Ethics
615972,Cyrus Perry,Communication Negotiation Skills
615973,Leland Summers,Innovation and entrepreneurship
615974,Raul Kelly,Creative Thinking and Problem Solving
615975,Emmanuel Cole,Mathematics4
615976,Catalina Branch,Discrete Mathematics
615977,Albert Price,fundamental of programming
615978,Jaydin Stein,computer introduction
615979,Ross Pineda,Semiconductors
615980,Davin Montes,Introduction to Electronics
615981,Meghan Blackburn,Mathematics5
615982,Tamia Perkins,introduction to IS
615983,Bailey Potts,Statistics Probabilities
615984,Janet Haley,computer programming4
615985,Elianna Wong,computer organization
615986,German Ibarra,Multimedia4
615987,Lilyana Galvan,Computer Programming5
615988,Karly Chandler,data structure
615989,Adam Mcintyre,Introduction to Operation Research Decision Support
615990,Samson Warner,Introduction to Operation Research Decision Support
615991,Hugo Pena,system analysis design
615992,Kareem Best,operating system4
615993,Aiden Goodman,Software Engineering4
615994,Madden Griffith,web design and development
615995,Johan Le,database system4
615996,Ansley Harding,Advanced Modeling and Simulation
615997,Drake Figueroa,computer network4
615998,Leyla Decker,Analysis and Design of Algorithms
615999,Colby Tran,Operation Research Systems Applications
616000,Travis Travis,mathematics6
616001,Wesley Haney,File Organization and Processing
616002,Yazmin Salinas,Statistics methods
616003,Mateo Dawson,Scientific Programming
616004,Judith Stephenson,Web Services
616005,Kirsten Le,Database Programming
616006,Paris Donaldson,EBusiness
616007,Prince Cameron,Artificial Intelligence
616008,Dominique Chandler,Software Engineering5
616009,Jennifer Hudson,operating system5
616010,Karma Suarez,computer programming6
616011,Tyson Dougherty,Knowledge Based Systems
616012,Slade Blackburn,machine learning
616013,Jacey Bradshaw,Distributed Systems
616014,Pierre Phillips,compiler design
616015,Angela Franco,Natural Language processing
616016,Makayla Mays,parallel programming
616017,Yazmin Allen,Computer Security
616018,Iris Hamilton,Project
616019,Memphis Hull,Microprocessors andAssembly language
616020,Emelia Gray,advanced artifical intelligence
616021,Megan Landry,formal language and automata theroy
616022,Natalee Pham,internet computer
616023,Eliza Russell,advanced computer programming
616024,Erin Turner,Human Computer Interaction
616025,Kamari Cook,computer arabization
616026,Elsa Cannon,Mobile Application Programming
616027,Zander Franklin,game programming
616028,Cindy Burnett,embaded system
616029,Carmelo Oneal,Robotics
616030,Kassandra Allen,Selected Topics in CS 4
616031,Erin Doyle,Selected Topics in CS 5
616032,Jewel Matthews,Selected Topics in CS 6
616033,Sarahi Cox,modling and simulation
616034,Demetrius Yates,Computer Languages for Modeling and OR
616035,Rodolfo Andrade,Prob Solving Strategy
616036,Jaydon Buck,Advanced Project Management
616037,Lilliana Clayton,Quality
616038,Arjun Poole,Computer Networks5
616039,Phoenix Olsen,Computer Graphics4
616040,Rowan Stein,Image Processing4
616041,Adolfo Hicks,Computer Networks6
616042,Braylon Berg,Digital Signal Processing
616043,Jaylynn Fields,Pattern Recognition4
616044,Erika Levine,Computer Vision4
616045,Finley Sampson,Speech Recognition4
616046,Daniel Hamilton,Advanced Web Development
616047,Shyanne Barron,Virtual Reality4
616048,Alena Douglas,Wireless and Mobile Networks
616049,Makai Escobar,Project
616050,Alexandra Phillips,Computer Graphics5
616051,Kamren Landry,Multimedia5
616052,Gisselle Dyer,Network Operating Systems
616053,Harley Livingston,Animations
616054,Jude Hawkins,Network Management and Analysis
616055,Philip Schroeder,Network Programming
616056,Luciana Moon,Network Security
616057,Chace Cross,Information Technology Applications
616058,Taniyah Guzman,Selected Topics in IT 4
616059,Reagan Diaz,Database Systems5
616060,Daniel Lindsey,Systems Analysis and Design 5
616061,Magdalena Mendez,Business Intelligence
616062,Amber Compton,Information Retrieval
616063,Silas Baxter,Information Security
616064,Judith Reyes,Modern Database Systems
616065,Darius Dyer,Data Mining
616066,Regan Potts,Distributed Databases
616067,Yasmine Morris,Cloud Computing
616068,Declan Maldonado,Enterprise Architecture
616069,Karlie Barron,Geographic IS
616070,Rey Fry,project
616071,Zayne Giles,Logistics Management
616072,Zaria Brown,Statistical Analysis for DS
616073,Tobias Rogers,Enterprise Resource planning
616074,Hamza Estrada,IS Strategy Management Acquisition
616075,Camila Ellison,Web Information Systems
616076,Kaylynn Frye,Intelligent IS
616077,Bryanna Meyer,Multimedia IS Digital Libraries
616078,Jonathan Elliott,Business Process Management
616079,Dahlia Newman,IS Project Management
616080,Camryn Hooper,Knowledge Based DSS
616081,Madalyn Peters,Knowledge Management
616082,Bailee Miller,Social Informatics
616083,Micah Carson,Bioinformatics
616084,Elliott House,IS Innovation and New Technologies
616085,Diana Reed,Network Optimization
616086,Charlie Nolan,Selected Topics in IS 4
616087,Yosef Bird,Selected Topics in IS 5
616088,Deborah Benton,Selected Topics in IS 6
616089,Leyla Hubbard,Risk Management
616090,Damari Hansen,Stochastic Programming
616091,Ethan Holt,Advanced Topics in Intelligent Computational
616092,Angel Combs,Selected Topics in DS 4
616093,Jagger Arroyo,Selected Topics in DS 5
616094,Sidney Palmer,Selected Topics in DS 6
616095,Alan Watts,Projects Management
616096,Thalia Duarte,Linear and Integer Programming
616097,Quintin Khan,Operation Research Systems Applications
616098,Kaydence Turner,Dynamic Nonlinear Programming
616099,Karla Ingram,Stochastic Models
616100,Alfonso Huang,Decision and Game Theory
616101,Dawson Horne,Multiobjective Programming
616102,Janiah Peterson,Strategic Management and Crisis Management
616103,Miriam Black,Inventory Control and Production Management
616104,Branson Ball,Geographic Information Systems for Decision Support
616105,Reginald Gill,introduction to OR and decision support
616106,Antwan Arroyo,Selected Topics in IT 5
616107,Elias Henry,Selected Topics in IT 6
616108,Addison Mahoney,intellegence accountant for OD
616109,Jon Ingram,Data Management in DS
616110,Bryan Lee,Queuing Systems
616111,Claudia Heath,Principles of Management
616112,Mireya Cummings,Project
616113,Spencer Callahan,College Elective3
616114,Presley Barry,Pattern Recognition
616115,Beckham Rivas,Computer Organization
616116,Amy Huerta,Artificial Intelligence
616117,Angel Keller,Computer Network2
616118,Iyana Roach,College Elective3
616119,Giuliana Black,Computer Vision
616120,Kayden Krueger,Multimedia
616121,Kareem Morgan,Information Engineering
616122,Ashlee Werner,Elective6
616123,Carleigh Shelton,College Elective6
616124,Jordan Reynolds,Information Networks
616125,Quintin Chavez,Virtual Reality
616126,Maverick Lopez,Degital Networks
616127,Maribel Jacobs,Elective7
616128,Brynn Underwood,Project
616129,Haley Evans,Elective 5
616130,Rey George,Software Engineering3
616131,Aryan Goodman,Database Systems3
616132,Jaquan Todd,Digital Signal Processing
616133,Raquel Brewer,Computer Networks3
616134,Elvis Cummings,Elective 5
616135,Valerie Foster,College Elective3
616136,Essence Horne,Pattern Recognition
616137,Drake Phelps,Computer Organization
616138,Greyson Cunningham,Artificial Intelligence
616139,Amaris Hooper,Computer Network2
616140,Melvin Harrell,College Elective3
616141,Misael Edwards,Computer Vision
616142,Tristian Mccullough,Multimedia
616143,Louis Stuart,Information Engineering
616144,Raina Li,Elective6
616145,Isabel Cruz,College Elective6
616146,Enrique Lucas,Information Networks
616147,Junior Lowery,Virtual Reality
616148,Kaleb Saunders,Degital Networks
616149,Darius Hughes,Elective7
616150,Mario Barton,Project
616151,Jakobe Hernandez,English Language3
616152,Kadyn Copeland,Mathematics3
616153,Hazel Robles,Discrete Mathematics
616154,Addison Welch,Computer Introduction
616155,Grayson Huff,Logic design 5
616156,Jeremiah Keith,Mathematics2
616157,Alisson Silva,Physics
616158,Talan Morton,Statistics & Probabilities
616159,Natalie Sellers,Logic Design2
616160,Fernando Stephenson,Computer Software
616161,Jaqueline Conrad,Computer Peripherals
616162,Patrick Ochoa,Data Structure
616163,Laurel Ritter,Organization Fundamentals
616164,Samara Gonzales,Operating System3
616165,Reece Bird,Statistical Methods
616166,Everett Walter,File Organization
616167,Lia Gibbs,Operations Research3
